Nom,Total,Name,Anzahl,Cognome,Totale,sprachregion,label_fr
Bernasconi,2215,Bernasconi,2215,Bernasconi,2215,3,Suisse italienne
Ferrari,1330,Ferrari,1330,Ferrari,1330,3,Suisse italienne
Rossi,1310,Rossi,1310,Rossi,1310,3,Suisse italienne
Bianchi,1287,Bianchi,1287,Bianchi,1287,3,Suisse italienne
Fontana,772,Fontana,772,Fontana,772,3,Suisse italienne
Crivelli,749,Crivelli,749,Crivelli,749,3,Suisse italienne
Galli,733,Galli,733,Galli,733,3,Suisse italienne
Cattaneo,687,Cattaneo,687,Cattaneo,687,3,Suisse italienne
Colombo,570,Colombo,570,Colombo,570,3,Suisse italienne
Cereghetti,552,Cereghetti,552,Cereghetti,552,3,Suisse italienne
Rezzonico,517,Rezzonico,517,Rezzonico,517,3,Suisse italienne
da Silva,488,da Silva,488,da Silva,488,3,Suisse italienne
Müller,465,Müller,465,Müller,465,3,Suisse italienne
Riva,458,Riva,458,Riva,458,3,Suisse italienne
Corti,443,Corti,443,Corti,443,3,Suisse italienne
Pereira,438,Pereira,438,Pereira,438,3,Suisse italienne
Grassi,430,Grassi,430,Grassi,430,3,Suisse italienne
Cavadini,412,Cavadini,412,Cavadini,412,3,Suisse italienne
Zanetti,404,Zanetti,404,Zanetti,404,3,Suisse italienne
Pellegrini,394,Pellegrini,394,Pellegrini,394,3,Suisse italienne
Martinelli,391,Martinelli,391,Martinelli,391,3,Suisse italienne
Russo,385,Russo,385,Russo,385,3,Suisse italienne
Canonica,382,Canonica,382,Canonica,382,3,Suisse italienne
Beretta,381,Beretta,381,Beretta,381,3,Suisse italienne
Crameri,376,Crameri,376,Crameri,376,3,Suisse italienne
Leoni,376,Leoni,376,Leoni,376,3,Suisse italienne
Costa,366,Costa,366,Costa,366,3,Suisse italienne
Quadri,365,Quadri,365,Quadri,365,3,Suisse italienne
Lepori,355,Lepori,355,Lepori,355,3,Suisse italienne
Camponovo,354,Camponovo,354,Camponovo,354,3,Suisse italienne
Sala,354,Sala,354,Sala,354,3,Suisse italienne
Bassi,353,Bassi,353,Bassi,353,3,Suisse italienne
Campana,350,Campana,350,Campana,350,3,Suisse italienne
Soldati,350,Soldati,350,Soldati,350,3,Suisse italienne
Romano,341,Romano,341,Romano,341,3,Suisse italienne
Rusconi,341,Rusconi,341,Rusconi,341,3,Suisse italienne
Ferreira,336,Ferreira,336,Ferreira,336,3,Suisse italienne
Pozzi,335,Pozzi,335,Pozzi,335,3,Suisse italienne
Conti,334,Conti,334,Conti,334,3,Suisse italienne
Croci,331,Croci,331,Croci,331,3,Suisse italienne
Pagani,321,Pagani,321,Pagani,321,3,Suisse italienne
Rodrigues,317,Rodrigues,317,Rodrigues,317,3,Suisse italienne
Balmelli,316,Balmelli,316,Balmelli,316,3,Suisse italienne
Gianinazzi,311,Gianinazzi,311,Gianinazzi,311,3,Suisse italienne
dos Santos,302,dos Santos,302,dos Santos,302,3,Suisse italienne
Keller,301,Keller,301,Keller,301,3,Suisse italienne
Togni,301,Togni,301,Togni,301,3,Suisse italienne
Frigerio,300,Frigerio,300,Frigerio,300,3,Suisse italienne
Sartori,298,Sartori,298,Sartori,298,3,Suisse italienne
Vassalli,298,Vassalli,298,Vassalli,298,3,Suisse italienne
Krasniqi,290,Krasniqi,290,Krasniqi,290,3,Suisse italienne
Poretti,290,Poretti,290,Poretti,290,3,Suisse italienne
Guidotti,285,Guidotti,285,Guidotti,285,3,Suisse italienne
Soldini,283,Soldini,283,Soldini,283,3,Suisse italienne
Fernandes,280,Fernandes,280,Fernandes,280,3,Suisse italienne
Solari,278,Solari,278,Solari,278,3,Suisse italienne
Alberti,274,Alberti,274,Alberti,274,3,Suisse italienne
Guerra,274,Guerra,274,Guerra,274,3,Suisse italienne
Lurati,274,Lurati,274,Lurati,274,3,Suisse italienne
Regazzoni,273,Regazzoni,273,Regazzoni,273,3,Suisse italienne
Giudici,272,Giudici,272,Giudici,272,3,Suisse italienne
Agustoni,270,Agustoni,270,Agustoni,270,3,Suisse italienne
Lucchini,268,Lucchini,268,Lucchini,268,3,Suisse italienne
Valsangiacomo,268,Valsangiacomo,268,Valsangiacomo,268,3,Suisse italienne
Cavalli,267,Cavalli,267,Cavalli,267,3,Suisse italienne
Tettamanti,265,Tettamanti,265,Tettamanti,265,3,Suisse italienne
Lombardo,262,Lombardo,262,Lombardo,262,3,Suisse italienne
Milani,262,Milani,262,Milani,262,3,Suisse italienne
Rossini,260,Rossini,260,Rossini,260,3,Suisse italienne
Berisha,258,Berisha,258,Berisha,258,3,Suisse italienne
Meier,258,Meier,258,Meier,258,3,Suisse italienne
Piffaretti,258,Piffaretti,258,Piffaretti,258,3,Suisse italienne
Chiesa,256,Chiesa,256,Chiesa,256,3,Suisse italienne
Donati,255,Donati,255,Donati,255,3,Suisse italienne
Esposito,252,Esposito,252,Esposito,252,3,Suisse italienne
Zanini,252,Zanini,252,Zanini,252,3,Suisse italienne
Rizzi,251,Rizzi,251,Rizzi,251,3,Suisse italienne
Robbiani,250,Robbiani,250,Robbiani,250,3,Suisse italienne
Moretti,247,Moretti,247,Moretti,247,3,Suisse italienne
Schmid,247,Schmid,247,Schmid,247,3,Suisse italienne
Taddei,243,Taddei,243,Taddei,243,3,Suisse italienne
Morandi,242,Morandi,242,Morandi,242,3,Suisse italienne
Moro,239,Moro,239,Moro,239,3,Suisse italienne
Ortelli,239,Ortelli,239,Ortelli,239,3,Suisse italienne
Bruno,236,Bruno,236,Bruno,236,3,Suisse italienne
Grossi,235,Grossi,235,Grossi,235,3,Suisse italienne
Molteni,235,Molteni,235,Molteni,235,3,Suisse italienne
Gianella,234,Gianella,234,Gianella,234,3,Suisse italienne
Castelli,233,Castelli,233,Castelli,233,3,Suisse italienne
Pagnamenta,226,Pagnamenta,226,Pagnamenta,226,3,Suisse italienne
Ponti,226,Ponti,226,Ponti,226,3,Suisse italienne
Gianini,225,Gianini,225,Gianini,225,3,Suisse italienne
Butti,223,Butti,223,Butti,223,3,Suisse italienne
Albisetti,222,Albisetti,222,Albisetti,222,3,Suisse italienne
Locatelli,219,Locatelli,219,Locatelli,219,3,Suisse italienne
Genini,218,Genini,218,Genini,218,3,Suisse italienne
Pellanda,218,Pellanda,218,Pellanda,218,3,Suisse italienne
Bizzozero,216,Bizzozero,216,Bizzozero,216,3,Suisse italienne
Martini,216,Martini,216,Martini,216,3,Suisse italienne
Teixeira,215,Teixeira,215,Teixeira,215,3,Suisse italienne
